FAKE-INV-0001	408.04	EUR	Charlie Davis	Olinn	2025-02-03
FAKE-INV-0002	246.21	JPY	David Wilson	Olinn	2025-02-03
FAKE-INV-0003	894.13	EUR	Eve White	Olinn	2025-02-03
FAKE-INV-0004	754.93	EUR	Alice Johnson	Olinn	2025-02-03
FAKE-INV-0005	815.80	GBP	Jane Smith	Olinn	2025-02-03
FAKE-INV-0006	783.66	EUR	Hannah Blue	Olinn	2025-02-03
FAKE-INV-0007	634.17	USD	David Wilson	Olinn	2025-02-03
FAKE-INV-0008	229.63	USD	Grace Lee	Olinn	2025-02-03
FAKE-INV-0009	522.74	JPY	Frank Green	Olinn	2025-02-03
FAKE-INV-0010	853.85	EUR	Alice Johnson	Olinn	2025-02-03
FAKE-INV-0011	727.13	USD	Frank Green	Olinn	2025-02-03
FAKE-INV-0012	428.62	GBP	Jane Smith	Olinn	2025-02-03
FAKE-INV-0013	390.28	EUR	Bob Martin	Olinn	2025-02-03
FAKE-INV-0014	814.81	EUR	Frank Green	Olinn	2025-02-03
FAKE-INV-0015	810.40	GBP	Eve White	Olinn	2025-02-03
FAKE-INV-0016	103.86	JPY	Hannah Blue	Olinn	2025-02-03
FAKE-INV-0017	34.89	JPY	Alice Johnson	Olinn	2025-02-03
FAKE-INV-0018	951.32	GBP	Charlie Davis	Olinn	2025-02-03
FAKE-INV-0019	787.81	EUR	Eve White	Olinn	2025-02-03
FAKE-INV-0020	640.66	GBP	David Wilson	Olinn	2025-02-03
FAKE-INV-0021	40.83	GBP	Bob Martin	Olinn	2025-02-03
FAKE-INV-0022	697.50	USD	Charlie Davis	Olinn	2025-02-03
FAKE-INV-0023	667.49	JPY	Eve White	Olinn	2025-02-03
FAKE-INV-0024	527.43	USD	Bob Martin	Olinn	2025-02-03
FAKE-INV-0025	204.36	JPY	Jane Smith	Olinn	2025-02-03
FAKE-INV-0026	322.60	EUR	Bob Martin	Olinn	2025-02-03
FAKE-INV-0027	594.82	USD	Grace Lee	Olinn	2025-02-03
FAKE-INV-0028	698.95	EUR	Jane Smith	Olinn	2025-02-03
FAKE-INV-0029	897.15	USD	Jane Smith	Olinn	2025-02-03
FAKE-INV-0030	228.77	JPY	Bob Martin	Olinn	2025-02-03
FAKE-INV-0031	767.13	USD	Alice Johnson	Olinn	2025-02-03
FAKE-INV-0032	332.83	USD	Frank Green	Olinn	2025-02-03
FAKE-INV-0033	974.06	EUR	John Doe	Olinn	2025-02-03
FAKE-INV-0034	484.46	USD	Frank Green	Olinn	2025-02-03
FAKE-INV-0035	667.67	USD	Hannah Blue	Olinn	2025-02-03
FAKE-INV-0036	871.16	GBP	David Wilson	Olinn	2025-02-03
FAKE-INV-0037	711.62	GBP	Frank Green	Olinn	2025-02-03
FAKE-INV-0038	277.37	EUR	Alice Johnson	Olinn	2025-02-03
FAKE-INV-0039	308.45	USD	David Wilson	Olinn	2025-02-03
FAKE-INV-0040	589.26	JPY	Jane Smith	Olinn	2025-02-03
FAKE-INV-0041	814.20	USD	John Doe	Olinn	2025-02-03
FAKE-INV-0042	155.24	GBP	Bob Martin	Olinn	2025-02-03
FAKE-INV-0043	916.79	JPY	David Wilson	Olinn	2025-02-03
FAKE-INV-0044	10.59	GBP	Charlie Davis	Olinn	2025-02-03
FAKE-INV-0045	913.68	GBP	Alice Johnson	Olinn	2025-02-03
FAKE-INV-0046	165.16	GBP	Bob Martin	Olinn	2025-02-03
FAKE-INV-0047	595.62	GBP	Jane Smith	Olinn	2025-02-03
FAKE-INV-0048	431.53	GBP	Charlie Davis	Olinn	2025-02-03
FAKE-INV-0049	794.30	JPY	John Doe	Olinn	2025-02-03
FAKE-INV-0050	182.47	USD	Bob Martin	Olinn	2025-02-03
FAKE-INV-0051	720.88	USD	Eve White	Olinn	2025-02-03
FAKE-INV-0052	509.32	GBP	Charlie Davis	Olinn	2025-02-03
FAKE-INV-0053	27.51	USD	David Wilson	Olinn	2025-02-03
FAKE-INV-0054	837.40	EUR	Hannah Blue	Olinn	2025-02-03
FAKE-INV-0055	468.04	USD	Bob Martin	Olinn	2025-02-03
FAKE-INV-0056	624.36	USD	Alice Johnson	Olinn	2025-02-03
FAKE-INV-0057	395.15	EUR	David Wilson	Olinn	2025-02-03
FAKE-INV-0058	26.30	JPY	Hannah Blue	Olinn	2025-02-03
FAKE-INV-0059	448.69	JPY	John Doe	Olinn	2025-02-03
FAKE-INV-0060	795.11	JPY	Grace Lee	Olinn	2025-02-03
FAKE-INV-0061	179.41	EUR	Bob Martin	Olinn	2025-02-03
FAKE-INV-0062	34.07	GBP	Jane Smith	Olinn	2025-02-03
FAKE-INV-0063	911.68	GBP	Jane Smith	Olinn	2025-02-03
FAKE-INV-0064	439.17	EUR	Grace Lee	Olinn	2025-02-03
FAKE-INV-0065	951.59	USD	Alice Johnson	Olinn	2025-02-03
FAKE-INV-0066	876.05	EUR	Jane Smith	Olinn	2025-02-03
FAKE-INV-0067	42.84	USD	Grace Lee	Olinn	2025-02-03
FAKE-INV-0068	643.63	USD	David Wilson	Olinn	2025-02-03
FAKE-INV-0069	154.48	JPY	David Wilson	Olinn	2025-02-03
FAKE-INV-0070	131.29	USD	Eve White	Olinn	2025-02-03
FAKE-INV-0071	998.04	EUR	Charlie Davis	Olinn	2025-02-03
FAKE-INV-0072	129.49	JPY	Frank Green	Olinn	2025-02-03
FAKE-INV-0073	386.73	JPY	Charlie Davis	Olinn	2025-02-03
FAKE-INV-0074	694.47	JPY	David Wilson	Olinn	2025-02-03
FAKE-INV-0075	455.98	JPY	Jane Smith	Olinn	2025-02-03
FAKE-INV-0076	69.40	GBP	Frank Green	Olinn	2025-02-03
FAKE-INV-0077	932.33	JPY	Alice Johnson	Olinn	2025-02-03
FAKE-INV-0078	166.49	GBP	Charlie Davis	Olinn	2025-02-03
FAKE-INV-0079	865.54	GBP	Bob Martin	Olinn	2025-02-03
FAKE-INV-0080	548.62	JPY	Grace Lee	Olinn	2025-02-03
FAKE-INV-0081	109.41	JPY	John Doe	Olinn	2025-02-03
FAKE-INV-0082	839.49	JPY	Bob Martin	Olinn	2025-02-03
FAKE-INV-0083	391.77	GBP	Bob Martin	Olinn	2025-02-03
FAKE-INV-0084	146.82	GBP	David Wilson	Olinn	2025-02-03
FAKE-INV-0085	793.83	EUR	Bob Martin	Olinn	2025-02-03
FAKE-INV-0086	751.66	JPY	John Doe	Olinn	2025-02-03
FAKE-INV-0087	582.93	GBP	Hannah Blue	Olinn	2025-02-03
FAKE-INV-0088	564.33	USD	Eve White	Olinn	2025-02-03
FAKE-INV-0089	359.89	EUR	John Doe	Olinn	2025-02-03
FAKE-INV-0090	737.50	EUR	Bob Martin	Olinn	2025-02-03
FAKE-INV-0091	537.29	GBP	David Wilson	Olinn	2025-02-03
FAKE-INV-0092	637.04	EUR	David Wilson	Olinn	2025-02-03
FAKE-INV-0093	815.02	EUR	Grace Lee	Olinn	2025-02-03
FAKE-INV-0094	268.08	USD	Grace Lee	Olinn	2025-02-03
FAKE-INV-0095	990.72	USD	Alice Johnson	Olinn	2025-02-03
FAKE-INV-0096	373.07	USD	Jane Smith	Olinn	2025-02-03
FAKE-INV-0097	411.03	USD	Bob Martin	Olinn	2025-02-03
FAKE-INV-0098	566.20	USD	Alice Johnson	Olinn	2025-02-03
FAKE-INV-0099	535.33	USD	Bob Martin	Olinn	2025-02-03
FAKE-INV-0100	789.79	EUR	Jane Smith	Olinn	2025-02-03
FAKE-INV-0101	409.43	JPY	Charlie Davis	Olinn	2025-02-03
FAKE-INV-0102	923.65	EUR	Grace Lee	Olinn	2025-02-03
FAKE-INV-0103	683.12	EUR	Bob Martin	Olinn	2025-02-03
FAKE-INV-0104	318.71	GBP	Charlie Davis	Olinn	2025-02-03
FAKE-INV-0105	806.49	GBP	Hannah Blue	Olinn	2025-02-03
FAKE-INV-0106	517.71	GBP	Frank Green	Olinn	2025-02-03
FAKE-INV-0107	626.91	GBP	Grace Lee	Olinn	2025-02-03
FAKE-INV-0108	371.20	EUR	David Wilson	Olinn	2025-02-03
FAKE-INV-0109	616.77	EUR	Alice Johnson	Olinn	2025-02-03
FAKE-INV-0110	727.61	JPY	Alice Johnson	Olinn	2025-02-03
FAKE-INV-0111	484.78	EUR	David Wilson	Olinn	2025-02-03
FAKE-INV-0112	439.69	USD	David Wilson	Olinn	2025-02-03
FAKE-INV-0113	617.59	JPY	Eve White	Olinn	2025-02-03
FAKE-INV-0114	495.57	USD	Alice Johnson	Olinn	2025-02-03
FAKE-INV-0115	95.24	USD	Alice Johnson	Olinn	2025-02-03
FAKE-INV-0116	799.09	USD	David Wilson	Olinn	2025-02-03
FAKE-INV-0117	747.17	JPY	Alice Johnson	Olinn	2025-02-03
FAKE-INV-0118	411.20	USD	Charlie Davis	Olinn	2025-02-03
FAKE-INV-0119	416.47	JPY	Grace Lee	Olinn	2025-02-03
FAKE-INV-0120	629.72	EUR	Alice Johnson	Olinn	2025-02-03
FAKE-INV-0121	547.51	GBP	Charlie Davis	Olinn	2025-02-03
FAKE-INV-0122	62.66	GBP	Bob Martin	Olinn	2025-02-03
FAKE-INV-0123	82.86	USD	Frank Green	Olinn	2025-02-03
FAKE-INV-0124	554.62	EUR	Bob Martin	Olinn	2025-02-03
FAKE-INV-0125	189.95	USD	Alice Johnson	Olinn	2025-02-03
FAKE-INV-0126	108.84	EUR	Jane Smith	Olinn	2025-02-03
FAKE-INV-0127	723.51	GBP	Eve White	Olinn	2025-02-03
FAKE-INV-0128	674.99	JPY	David Wilson	Olinn	2025-02-03
FAKE-INV-0129	641.11	JPY	Eve White	Olinn	2025-02-03
FAKE-INV-0130	181.25	EUR	Charlie Davis	Olinn	2025-02-03
FAKE-INV-0131	337.54	EUR	Alice Johnson	Olinn	2025-02-03
FAKE-INV-0132	548.05	EUR	David Wilson	Olinn	2025-02-03
FAKE-INV-0133	369.92	GBP	Alice Johnson	Olinn	2025-02-03
FAKE-INV-0134	30.17	USD	Jane Smith	Olinn	2025-02-03
FAKE-INV-0135	650.11	USD	Bob Martin	Olinn	2025-02-03
FAKE-INV-0136	561.81	JPY	Charlie Davis	Olinn	2025-02-03
FAKE-INV-0137	185.66	JPY	Alice Johnson	Olinn	2025-02-03
FAKE-INV-0138	441.51	USD	Alice Johnson	Olinn	2025-02-03
FAKE-INV-0139	587.25	GBP	Bob Martin	Olinn	2025-02-03
FAKE-INV-0140	275.69	JPY	Bob Martin	Olinn	2025-02-03
FAKE-INV-0141	256.81	USD	Alice Johnson	Olinn	2025-02-03
FAKE-INV-0142	816.38	JPY	Charlie Davis	Olinn	2025-02-03
FAKE-INV-0143	588.85	EUR	Eve White	Olinn	2025-02-03
FAKE-INV-0144	501.60	EUR	Alice Johnson	Olinn	2025-02-03
FAKE-INV-0145	966.00	USD	David Wilson	Olinn	2025-02-03
FAKE-INV-0146	470.99	USD	Grace Lee	Olinn	2025-02-03
FAKE-INV-0147	466.89	JPY	Eve White	Olinn	2025-02-03
FAKE-INV-0148	758.48	JPY	Alice Johnson	Olinn	2025-02-03
FAKE-INV-0149	847.31	USD	Hannah Blue	Olinn	2025-02-03
FAKE-INV-0150	841.35	GBP	Frank Green	Olinn	2025-02-03
FAKE-INV-0151	217.61	EUR	Bob Martin	Olinn	2025-02-03
FAKE-INV-0152	672.97	EUR	Frank Green	Olinn	2025-02-03
FAKE-INV-0153	310.07	JPY	Frank Green	Olinn	2025-02-03
FAKE-INV-0154	497.61	GBP	Hannah Blue	Olinn	2025-02-03
FAKE-INV-0155	413.91	GBP	Hannah Blue	Olinn	2025-02-03
FAKE-INV-0156	728.93	EUR	David Wilson	Olinn	2025-02-03
FAKE-INV-0157	618.63	USD	John Doe	Olinn	2025-02-03
FAKE-INV-0158	386.94	GBP	Hannah Blue	Olinn	2025-02-03
FAKE-INV-0159	294.34	JPY	Bob Martin	Olinn	2025-02-03
FAKE-INV-0160	48.30	GBP	John Doe	Olinn	2025-02-03
FAKE-INV-0161	916.79	GBP	Grace Lee	Olinn	2025-02-03
FAKE-INV-0162	467.69	GBP	Hannah Blue	Olinn	2025-02-03
FAKE-INV-0163	800.64	USD	John Doe	Olinn	2025-02-03
FAKE-INV-0164	324.67	EUR	John Doe	Olinn	2025-02-03
FAKE-INV-0165	476.74	EUR	Grace Lee	Olinn	2025-02-03
FAKE-INV-0166	923.41	USD	Charlie Davis	Olinn	2025-02-03
FAKE-INV-0167	472.49	JPY	Bob Martin	Olinn	2025-02-03
FAKE-INV-0168	496.00	JPY	Grace Lee	Olinn	2025-02-03
FAKE-INV-0169	939.10	USD	Charlie Davis	Olinn	2025-02-03
FAKE-INV-0170	543.69	GBP	Grace Lee	Olinn	2025-02-03
FAKE-INV-0171	656.96	JPY	John Doe	Olinn	2025-02-03
FAKE-INV-0172	141.70	USD	John Doe	Olinn	2025-02-03
FAKE-INV-0173	737.20	EUR	Alice Johnson	Olinn	2025-02-03
FAKE-INV-0174	16.49	USD	Eve White	Olinn	2025-02-03
FAKE-INV-0175	218.83	JPY	John Doe	Olinn	2025-02-03
FAKE-INV-0176	996.66	GBP	Grace Lee	Olinn	2025-02-03
FAKE-INV-0177	391.09	GBP	Frank Green	Olinn	2025-02-03
FAKE-INV-0178	194.93	JPY	Eve White	Olinn	2025-02-03
FAKE-INV-0179	976.22	USD	Grace Lee	Olinn	2025-02-03
FAKE-INV-0180	104.17	EUR	Bob Martin	Olinn	2025-02-03
FAKE-INV-0181	76.67	JPY	Grace Lee	Olinn	2025-02-03
FAKE-INV-0182	726.36	JPY	Frank Green	Olinn	2025-02-03
FAKE-INV-0183	833.93	EUR	Eve White	Olinn	2025-02-03
FAKE-INV-0184	380.71	JPY	Eve White	Olinn	2025-02-03
FAKE-INV-0185	304.68	JPY	John Doe	Olinn	2025-02-03
FAKE-INV-0186	735.08	GBP	Alice Johnson	Olinn	2025-02-03
FAKE-INV-0187	350.70	EUR	John Doe	Olinn	2025-02-03
FAKE-INV-0188	349.61	USD	Eve White	Olinn	2025-02-03
FAKE-INV-0189	814.07	USD	Alice Johnson	Olinn	2025-02-03
FAKE-INV-0190	995.00	EUR	Grace Lee	Olinn	2025-02-03
FAKE-INV-0191	896.48	GBP	Frank Green	Olinn	2025-02-03
FAKE-INV-0192	948.28	EUR	Grace Lee	Olinn	2025-02-03
FAKE-INV-0193	468.71	EUR	David Wilson	Olinn	2025-02-03
FAKE-INV-0194	431.16	EUR	Alice Johnson	Olinn	2025-02-03
FAKE-INV-0195	935.11	JPY	Hannah Blue	Olinn	2025-02-03
FAKE-INV-0196	371.20	EUR	Jane Smith	Olinn	2025-02-03
FAKE-INV-0197	803.14	EUR	Bob Martin	Olinn	2025-02-03
FAKE-INV-0198	254.18	GBP	David Wilson	Olinn	2025-02-03
FAKE-INV-0199	984.65	EUR	David Wilson	Olinn	2025-02-03
FAKE-INV-0200	245.92	EUR	Alice Johnson	Olinn	2025-02-03
FAKE-INV-0201	388.43	JPY	Charlie Davis	Olinn	2025-02-03
FAKE-INV-0202	519.24	USD	David Wilson	Olinn	2025-02-03
FAKE-INV-0203	594.56	JPY	David Wilson	Olinn	2025-02-03
FAKE-INV-0204	300.03	JPY	John Doe	Olinn	2025-02-03
FAKE-INV-0205	262.09	EUR	Jane Smith	Olinn	2025-02-03
FAKE-INV-0206	268.11	EUR	John Doe	Olinn	2025-02-03
FAKE-INV-0207	128.27	USD	John Doe	Olinn	2025-02-03
FAKE-INV-0208	952.57	JPY	Charlie Davis	Olinn	2025-02-03
FAKE-INV-0209	453.19	JPY	Alice Johnson	Olinn	2025-02-03
FAKE-INV-0210	142.60	GBP	Alice Johnson	Olinn	2025-02-03
FAKE-INV-0211	680.14	GBP	John Doe	Olinn	2025-02-03
FAKE-INV-0212	984.83	JPY	Eve White	Olinn	2025-02-03
FAKE-INV-0213	20.87	EUR	Jane Smith	Olinn	2025-02-03
FAKE-INV-0214	781.17	USD	John Doe	Olinn	2025-02-03
FAKE-INV-0215	953.47	GBP	Jane Smith	Olinn	2025-02-03
FAKE-INV-0216	359.62	EUR	Charlie Davis	Olinn	2025-02-03
FAKE-INV-0217	999.98	GBP	John Doe	Olinn	2025-02-03
FAKE-INV-0218	445.68	GBP	Frank Green	Olinn	2025-02-03
FAKE-INV-0219	798.78	GBP	Jane Smith	Olinn	2025-02-03
FAKE-INV-0220	492.48	USD	David Wilson	Olinn	2025-02-03
FAKE-INV-0221	148.68	USD	Frank Green	Olinn	2025-02-03
FAKE-INV-0222	254.82	JPY	Hannah Blue	Olinn	2025-02-03
FAKE-INV-0223	730.22	EUR	Jane Smith	Olinn	2025-02-03
FAKE-INV-0224	706.75	JPY	Charlie Davis	Olinn	2025-02-03
FAKE-INV-0225	561.37	GBP	John Doe	Olinn	2025-02-03
FAKE-INV-0226	95.15	EUR	Alice Johnson	Olinn	2025-02-03
FAKE-INV-0227	164.35	EUR	Bob Martin	Olinn	2025-02-03
FAKE-INV-0228	632.51	EUR	Charlie Davis	Olinn	2025-02-03
FAKE-INV-0229	252.04	EUR	Charlie Davis	Olinn	2025-02-03
FAKE-INV-0230	181.96	GBP	Alice Johnson	Olinn	2025-02-03
FAKE-INV-0231	194.05	USD	Hannah Blue	Olinn	2025-02-03
FAKE-INV-0232	99.83	EUR	Grace Lee	Olinn	2025-02-03
FAKE-INV-0233	747.28	JPY	Alice Johnson	Olinn	2025-02-03
FAKE-INV-0234	301.74	EUR	Hannah Blue	Olinn	2025-02-03
FAKE-INV-0235	799.45	JPY	Alice Johnson	Olinn	2025-02-03
FAKE-INV-0236	309.27	JPY	Jane Smith	Olinn	2025-02-03
FAKE-INV-0237	215.89	GBP	David Wilson	Olinn	2025-02-03
FAKE-INV-0238	394.72	USD	Jane Smith	Olinn	2025-02-03
FAKE-INV-0239	67.77	USD	Hannah Blue	Olinn	2025-02-03
FAKE-INV-0240	858.11	USD	Charlie Davis	Olinn	2025-02-03
FAKE-INV-0241	441.24	EUR	Grace Lee	Olinn	2025-02-03
FAKE-INV-0242	988.02	EUR	Alice Johnson	Olinn	2025-02-03
FAKE-INV-0243	155.73	USD	Hannah Blue	Olinn	2025-02-03
FAKE-INV-0244	812.17	EUR	Frank Green	Olinn	2025-02-03
FAKE-INV-0245	43.54	EUR	Jane Smith	Olinn	2025-02-03
FAKE-INV-0246	675.34	JPY	Grace Lee	Olinn	2025-02-03
FAKE-INV-0247	549.72	GBP	Alice Johnson	Olinn	2025-02-03
FAKE-INV-0248	368.10	JPY	Charlie Davis	Olinn	2025-02-03
FAKE-INV-0249	22.75	JPY	Hannah Blue	Olinn	2025-02-03
FAKE-INV-0250	811.93	USD	Jane Smith	Olinn	2025-02-03
FAKE-INV-0251	448.39	JPY	Alice Johnson	Olinn	2025-02-03
FAKE-INV-0252	606.03	JPY	Hannah Blue	Olinn	2025-02-03
FAKE-INV-0253	194.59	JPY	Eve White	Olinn	2025-02-03
FAKE-INV-0254	707.94	JPY	Eve White	Olinn	2025-02-03
FAKE-INV-0255	336.21	GBP	Grace Lee	Olinn	2025-02-03
FAKE-INV-0256	997.23	JPY	John Doe	Olinn	2025-02-03
FAKE-INV-0257	255.36	USD	Hannah Blue	Olinn	2025-02-03
FAKE-INV-0258	945.08	USD	Charlie Davis	Olinn	2025-02-03
FAKE-INV-0259	565.25	USD	Alice Johnson	Olinn	2025-02-03
FAKE-INV-0260	476.62	USD	Alice Johnson	Olinn	2025-02-03
FAKE-INV-0261	720.50	JPY	John Doe	Olinn	2025-02-03
FAKE-INV-0262	232.82	USD	Bob Martin	Olinn	2025-02-03
FAKE-INV-0263	636.11	JPY	John Doe	Olinn	2025-02-03
FAKE-INV-0264	30.11	EUR	Jane Smith	Olinn	2025-02-03
FAKE-INV-0265	142.88	JPY	Alice Johnson	Olinn	2025-02-03
FAKE-INV-0266	903.89	USD	Frank Green	Olinn	2025-02-03
FAKE-INV-0267	791.61	GBP	Hannah Blue	Olinn	2025-02-03
FAKE-INV-0268	47.62	GBP	Bob Martin	Olinn	2025-02-03
FAKE-INV-0269	407.31	EUR	Hannah Blue	Olinn	2025-02-03
FAKE-INV-0270	717.31	EUR	Hannah Blue	Olinn	2025-02-03
FAKE-INV-0271	508.49	EUR	Charlie Davis	Olinn	2025-02-03
FAKE-INV-0272	559.33	JPY	Frank Green	Olinn	2025-02-03
FAKE-INV-0273	600.00	USD	Alice Johnson	Olinn	2025-02-03
FAKE-INV-0274	178.69	GBP	Hannah Blue	Olinn	2025-02-03
FAKE-INV-0275	450.70	JPY	Jane Smith	Olinn	2025-02-03
FAKE-INV-0276	42.01	USD	Eve White	Olinn	2025-02-03
FAKE-INV-0277	249.42	EUR	Alice Johnson	Olinn	2025-02-03
FAKE-INV-0278	873.43	GBP	Jane Smith	Olinn	2025-02-03
FAKE-INV-0279	541.27	USD	Bob Martin	Olinn	2025-02-03
FAKE-INV-0280	232.73	JPY	Hannah Blue	Olinn	2025-02-03
FAKE-INV-0281	35.99	JPY	Alice Johnson	Olinn	2025-02-03
FAKE-INV-0282	414.37	EUR	Jane Smith	Olinn	2025-02-03
FAKE-INV-0283	565.35	USD	Hannah Blue	Olinn	2025-02-03
FAKE-INV-0284	297.93	USD	Grace Lee	Olinn	2025-02-03
FAKE-INV-0285	446.95	USD	Grace Lee	Olinn	2025-02-03
FAKE-INV-0286	796.03	EUR	Hannah Blue	Olinn	2025-02-03
FAKE-INV-0287	496.96	EUR	Charlie Davis	Olinn	2025-02-03
FAKE-INV-0288	586.33	GBP	Eve White	Olinn	2025-02-03
FAKE-INV-0289	25.20	USD	Eve White	Olinn	2025-02-03
FAKE-INV-0290	746.79	USD	John Doe	Olinn	2025-02-03
FAKE-INV-0291	839.03	JPY	David Wilson	Olinn	2025-02-03
FAKE-INV-0292	236.19	EUR	David Wilson	Olinn	2025-02-03
FAKE-INV-0293	136.23	USD	Jane Smith	Olinn	2025-02-03
FAKE-INV-0294	900.46	GBP	Hannah Blue	Olinn	2025-02-03
FAKE-INV-0295	673.65	GBP	David Wilson	Olinn	2025-02-03
FAKE-INV-0296	19.29	EUR	Charlie Davis	Olinn	2025-02-03
FAKE-INV-0297	675.96	GBP	David Wilson	Olinn	2025-02-03
FAKE-INV-0298	944.65	JPY	Alice Johnson	Olinn	2025-02-03
FAKE-INV-0299	44.03	JPY	John Doe	Olinn	2025-02-03
FAKE-INV-0300	461.02	JPY	Bob Martin	Olinn	2025-02-03
FAKE-INV-0301	55.22	EUR	Alice Johnson	Olinn	2025-02-03
FAKE-INV-0302	88.79	EUR	Alice Johnson	Olinn	2025-02-03
FAKE-INV-0303	986.15	GBP	Jane Smith	Olinn	2025-02-03
FAKE-INV-0304	662.45	EUR	David Wilson	Olinn	2025-02-03
FAKE-INV-0305	113.68	GBP	Grace Lee	Olinn	2025-02-03
FAKE-INV-0306	817.03	EUR	David Wilson	Olinn	2025-02-03
FAKE-INV-0307	339.30	JPY	Charlie Davis	Olinn	2025-02-03
FAKE-INV-0308	891.06	USD	Bob Martin	Olinn	2025-02-03
FAKE-INV-0309	296.25	EUR	Bob Martin	Olinn	2025-02-03
FAKE-INV-0310	907.94	JPY	David Wilson	Olinn	2025-02-03
FAKE-INV-0311	744.27	GBP	Jane Smith	Olinn	2025-02-03
FAKE-INV-0312	660.45	GBP	Bob Martin	Olinn	2025-02-03
FAKE-INV-0313	161.11	EUR	Alice Johnson	Olinn	2025-02-03
FAKE-INV-0314	214.01	EUR	David Wilson	Olinn	2025-02-03
FAKE-INV-0315	861.09	GBP	Alice Johnson	Olinn	2025-02-03
FAKE-INV-0316	685.02	USD	Grace Lee	Olinn	2025-02-03
FAKE-INV-0317	443.15	GBP	Eve White	Olinn	2025-02-03
FAKE-INV-0318	467.70	GBP	Grace Lee	Olinn	2025-02-03
FAKE-INV-0319	900.84	EUR	John Doe	Olinn	2025-02-03
FAKE-INV-0320	659.08	JPY	Jane Smith	Olinn	2025-02-03
FAKE-INV-0321	412.98	JPY	Bob Martin	Olinn	2025-02-03
FAKE-INV-0322	523.43	JPY	Jane Smith	Olinn	2025-02-03
FAKE-INV-0323	202.05	USD	Hannah Blue	Olinn	2025-02-03
FAKE-INV-0324	616.59	JPY	Frank Green	Olinn	2025-02-03
FAKE-INV-0325	936.06	JPY	Charlie Davis	Olinn	2025-02-03
FAKE-INV-0326	911.87	USD	Grace Lee	Olinn	2025-02-03
FAKE-INV-0327	441.67	GBP	Bob Martin	Olinn	2025-02-03
FAKE-INV-0328	400.32	JPY	Bob Martin	Olinn	2025-02-03
FAKE-INV-0329	334.24	USD	Alice Johnson	Olinn	2025-02-03
FAKE-INV-0330	155.74	GBP	Charlie Davis	Olinn	2025-02-03
FAKE-INV-0331	32.03	USD	Alice Johnson	Olinn	2025-02-03
FAKE-INV-0332	545.96	JPY	John Doe	Olinn	2025-02-03
FAKE-INV-0333	252.37	EUR	David Wilson	Olinn	2025-02-03
FAKE-INV-0334	648.24	GBP	Frank Green	Olinn	2025-02-03
FAKE-INV-0335	602.41	GBP	Grace Lee	Olinn	2025-02-03
FAKE-INV-0336	726.88	USD	John Doe	Olinn	2025-02-03
FAKE-INV-0337	176.07	JPY	Bob Martin	Olinn	2025-02-03
FAKE-INV-0338	546.54	EUR	Charlie Davis	Olinn	2025-02-03
FAKE-INV-0339	227.41	EUR	Alice Johnson	Olinn	2025-02-03
FAKE-INV-0340	785.51	EUR	Charlie Davis	Olinn	2025-02-03
FAKE-INV-0341	493.23	USD	Alice Johnson	Olinn	2025-02-03
FAKE-INV-0342	713.46	JPY	Alice Johnson	Olinn	2025-02-03
FAKE-INV-0343	864.68	EUR	Eve White	Olinn	2025-02-03
FAKE-INV-0344	494.62	GBP	Hannah Blue	Olinn	2025-02-03
FAKE-INV-0345	212.17	USD	Charlie Davis	Olinn	2025-02-03
FAKE-INV-0346	786.94	USD	Eve White	Olinn	2025-02-03
FAKE-INV-0347	238.49	USD	Frank Green	Olinn	2025-02-03
FAKE-INV-0348	866.53	EUR	Hannah Blue	Olinn	2025-02-03
FAKE-INV-0349	826.36	JPY	Jane Smith	Olinn	2025-02-03
FAKE-INV-0350	658.83	EUR	John Doe	Olinn	2025-02-03
FAKE-INV-0351	678.68	USD	Bob Martin	Olinn	2025-02-03
FAKE-INV-0352	998.62	GBP	John Doe	Olinn	2025-02-03
FAKE-INV-0353	445.83	USD	Alice Johnson	Olinn	2025-02-03
FAKE-INV-0354	945.76	JPY	Grace Lee	Olinn	2025-02-03
FAKE-INV-0355	382.53	GBP	Bob Martin	Olinn	2025-02-03
FAKE-INV-0356	383.47	JPY	Bob Martin	Olinn	2025-02-03
FAKE-INV-0357	702.13	EUR	John Doe	Olinn	2025-02-03
FAKE-INV-0358	900.75	GBP	Frank Green	Olinn	2025-02-03
FAKE-INV-0359	417.06	EUR	Bob Martin	Olinn	2025-02-03
FAKE-INV-0360	818.84	EUR	John Doe	Olinn	2025-02-03
FAKE-INV-0361	642.68	EUR	Frank Green	Olinn	2025-02-03
FAKE-INV-0362	79.80	USD	Grace Lee	Olinn	2025-02-03
FAKE-INV-0363	587.02	GBP	John Doe	Olinn	2025-02-03
FAKE-INV-0364	952.34	EUR	David Wilson	Olinn	2025-02-03
FAKE-INV-0365	302.69	GBP	Hannah Blue	Olinn	2025-02-03
FAKE-INV-0366	73.47	GBP	John Doe	Olinn	2025-02-03
FAKE-INV-0367	93.84	USD	Jane Smith	Olinn	2025-02-03
FAKE-INV-0368	644.03	GBP	Jane Smith	Olinn	2025-02-03
FAKE-INV-0369	750.21	EUR	Bob Martin	Olinn	2025-02-03
FAKE-INV-0370	571.02	JPY	Grace Lee	Olinn	2025-02-03
FAKE-INV-0371	128.73	EUR	Frank Green	Olinn	2025-02-03
FAKE-INV-0372	915.28	JPY	John Doe	Olinn	2025-02-03
FAKE-INV-0373	150.74	USD	Bob Martin	Olinn	2025-02-03
FAKE-INV-0374	739.19	JPY	Jane Smith	Olinn	2025-02-03
FAKE-INV-0375	520.36	JPY	Frank Green	Olinn	2025-02-03
FAKE-INV-0376	842.95	USD	David Wilson	Olinn	2025-02-03
FAKE-INV-0377	944.68	USD	Charlie Davis	Olinn	2025-02-03
FAKE-INV-0378	382.89	GBP	Hannah Blue	Olinn	2025-02-03
FAKE-INV-0379	61.71	JPY	Frank Green	Olinn	2025-02-03
FAKE-INV-0380	209.74	JPY	Grace Lee	Olinn	2025-02-03
FAKE-INV-0381	132.64	USD	Charlie Davis	Olinn	2025-02-03
FAKE-INV-0382	902.71	EUR	Alice Johnson	Olinn	2025-02-03
FAKE-INV-0383	836.57	JPY	Alice Johnson	Olinn	2025-02-03
FAKE-INV-0384	655.76	USD	Eve White	Olinn	2025-02-03
FAKE-INV-0385	166.36	EUR	John Doe	Olinn	2025-02-03
FAKE-INV-0386	554.68	JPY	Alice Johnson	Olinn	2025-02-03
FAKE-INV-0387	792.94	GBP	Eve White	Olinn	2025-02-03
FAKE-INV-0388	725.98	JPY	John Doe	Olinn	2025-02-03
FAKE-INV-0389	935.98	EUR	Hannah Blue	Olinn	2025-02-03
FAKE-INV-0390	885.97	EUR	David Wilson	Olinn	2025-02-03
FAKE-INV-0391	200.42	JPY	Charlie Davis	Olinn	2025-02-03
FAKE-INV-0392	759.63	USD	Grace Lee	Olinn	2025-02-03
FAKE-INV-0393	439.30	JPY	Frank Green	Olinn	2025-02-03
FAKE-INV-0394	296.81	EUR	Eve White	Olinn	2025-02-03
FAKE-INV-0395	142.24	USD	Alice Johnson	Olinn	2025-02-03
FAKE-INV-0396	13.55	GBP	Eve White	Olinn	2025-02-03
FAKE-INV-0397	493.97	GBP	Eve White	Olinn	2025-02-03
FAKE-INV-0398	825.39	GBP	Bob Martin	Olinn	2025-02-03
FAKE-INV-0399	43.37	GBP	Alice Johnson	Olinn	2025-02-03
FAKE-INV-0400	378.09	EUR	David Wilson	Olinn	2025-02-03
FAKE-INV-0401	242.80	USD	Charlie Davis	Olinn	2025-02-03
FAKE-INV-0402	391.29	EUR	Grace Lee	Olinn	2025-02-03
FAKE-INV-0403	490.01	USD	Alice Johnson	Olinn	2025-02-03
FAKE-INV-0404	42.04	JPY	Jane Smith	Olinn	2025-02-03
FAKE-INV-0405	910.60	JPY	Alice Johnson	Olinn	2025-02-03
FAKE-INV-0406	243.23	JPY	Jane Smith	Olinn	2025-02-03
FAKE-INV-0407	753.00	USD	Grace Lee	Olinn	2025-02-03
FAKE-INV-0408	567.51	USD	John Doe	Olinn	2025-02-03
FAKE-INV-0409	281.63	JPY	Bob Martin	Olinn	2025-02-03
FAKE-INV-0410	668.78	JPY	John Doe	Olinn	2025-02-03
FAKE-INV-0411	472.28	GBP	Alice Johnson	Olinn	2025-02-03
FAKE-INV-0412	670.39	GBP	Eve White	Olinn	2025-02-03
FAKE-INV-0413	715.22	GBP	Charlie Davis	Olinn	2025-02-03
FAKE-INV-0414	765.44	JPY	Jane Smith	Olinn	2025-02-03
FAKE-INV-0415	155.60	JPY	Hannah Blue	Olinn	2025-02-03
FAKE-INV-0416	174.46	JPY	Hannah Blue	Olinn	2025-02-03
FAKE-INV-0417	517.42	GBP	Bob Martin	Olinn	2025-02-03
FAKE-INV-0418	364.84	EUR	Grace Lee	Olinn	2025-02-03
FAKE-INV-0419	249.42	JPY	Frank Green	Olinn	2025-02-03
FAKE-INV-0420	74.54	GBP	Jane Smith	Olinn	2025-02-03
FAKE-INV-0421	214.93	GBP	David Wilson	Olinn	2025-02-03
FAKE-INV-0422	933.58	USD	Eve White	Olinn	2025-02-03
FAKE-INV-0423	460.68	EUR	Hannah Blue	Olinn	2025-02-03
FAKE-INV-0424	945.46	USD	Jane Smith	Olinn	2025-02-03
FAKE-INV-0425	815.20	USD	Bob Martin	Olinn	2025-02-03
FAKE-INV-0426	36.86	EUR	Bob Martin	Olinn	2025-02-03
FAKE-INV-0427	569.34	USD	Eve White	Olinn	2025-02-03
FAKE-INV-0428	135.86	USD	Alice Johnson	Olinn	2025-02-03
FAKE-INV-0429	505.12	GBP	Grace Lee	Olinn	2025-02-03
FAKE-INV-0430	977.34	USD	Frank Green	Olinn	2025-02-03
FAKE-INV-0431	443.61	JPY	Frank Green	Olinn	2025-02-03
FAKE-INV-0432	228.41	EUR	Charlie Davis	Olinn	2025-02-03
FAKE-INV-0433	88.73	GBP	Alice Johnson	Olinn	2025-02-03
FAKE-INV-0434	451.17	USD	Eve White	Olinn	2025-02-03
FAKE-INV-0435	18.98	USD	Bob Martin	Olinn	2025-02-03
FAKE-INV-0436	408.47	GBP	Frank Green	Olinn	2025-02-03
FAKE-INV-0437	340.31	EUR	Eve White	Olinn	2025-02-03
FAKE-INV-0438	53.03	USD	Frank Green	Olinn	2025-02-03
FAKE-INV-0439	537.32	USD	David Wilson	Olinn	2025-02-03
FAKE-INV-0440	424.29	GBP	David Wilson	Olinn	2025-02-03
FAKE-INV-0441	420.59	JPY	John Doe	Olinn	2025-02-03
FAKE-INV-0442	832.21	GBP	Hannah Blue	Olinn	2025-02-03
FAKE-INV-0443	641.21	GBP	Jane Smith	Olinn	2025-02-03
FAKE-INV-0444	472.48	GBP	Frank Green	Olinn	2025-02-03
FAKE-INV-0445	794.46	GBP	Charlie Davis	Olinn	2025-02-03
FAKE-INV-0446	923.94	USD	David Wilson	Olinn	2025-02-03
FAKE-INV-0447	959.47	USD	Jane Smith	Olinn	2025-02-03
FAKE-INV-0448	860.95	GBP	Frank Green	Olinn	2025-02-03
FAKE-INV-0449	21.64	USD	Eve White	Olinn	2025-02-03
FAKE-INV-0450	440.98	GBP	Grace Lee	Olinn	2025-02-03
FAKE-INV-0451	425.36	JPY	Alice Johnson	Olinn	2025-02-03
FAKE-INV-0452	873.16	EUR	Bob Martin	Olinn	2025-02-03
FAKE-INV-0453	565.50	JPY	John Doe	Olinn	2025-02-03
FAKE-INV-0454	47.54	EUR	Alice Johnson	Olinn	2025-02-03
FAKE-INV-0455	512.78	USD	Charlie Davis	Olinn	2025-02-03
FAKE-INV-0456	33.97	JPY	Charlie Davis	Olinn	2025-02-03
FAKE-INV-0457	733.85	GBP	David Wilson	Olinn	2025-02-03
FAKE-INV-0458	856.00	USD	Eve White	Olinn	2025-02-03
FAKE-INV-0459	73.05	USD	Charlie Davis	Olinn	2025-02-03
FAKE-INV-0460	989.37	USD	Frank Green	Olinn	2025-02-03
FAKE-INV-0461	191.84	EUR	Alice Johnson	Olinn	2025-02-03
FAKE-INV-0462	893.72	JPY	Grace Lee	Olinn	2025-02-03
FAKE-INV-0463	910.78	USD	Jane Smith	Olinn	2025-02-03
FAKE-INV-0464	926.69	EUR	Jane Smith	Olinn	2025-02-03
FAKE-INV-0465	718.79	USD	Eve White	Olinn	2025-02-03
FAKE-INV-0466	917.82	EUR	Hannah Blue	Olinn	2025-02-03
FAKE-INV-0467	848.03	GBP	Alice Johnson	Olinn	2025-02-03
FAKE-INV-0468	529.19	EUR	Jane Smith	Olinn	2025-02-03
FAKE-INV-0469	581.49	GBP	Frank Green	Olinn	2025-02-03
FAKE-INV-0470	669.26	JPY	Grace Lee	Olinn	2025-02-03
FAKE-INV-0471	411.77	GBP	Alice Johnson	Olinn	2025-02-03
FAKE-INV-0472	43.40	EUR	David Wilson	Olinn	2025-02-03
FAKE-INV-0473	894.71	GBP	Hannah Blue	Olinn	2025-02-03
FAKE-INV-0474	442.23	EUR	John Doe	Olinn	2025-02-03
FAKE-INV-0475	282.94	GBP	Hannah Blue	Olinn	2025-02-03
FAKE-INV-0476	358.48	EUR	Hannah Blue	Olinn	2025-02-03
FAKE-INV-0477	830.39	GBP	Grace Lee	Olinn	2025-02-03
FAKE-INV-0478	317.48	USD	Frank Green	Olinn	2025-02-03
FAKE-INV-0479	739.39	GBP	Alice Johnson	Olinn	2025-02-03
FAKE-INV-0480	587.64	USD	Eve White	Olinn	2025-02-03
FAKE-INV-0481	317.58	GBP	Jane Smith	Olinn	2025-02-03
FAKE-INV-0482	469.45	EUR	Bob Martin	Olinn	2025-02-03
FAKE-INV-0483	24.37	JPY	Eve White	Olinn	2025-02-03
FAKE-INV-0484	252.69	EUR	Alice Johnson	Olinn	2025-02-03
FAKE-INV-0485	736.41	GBP	David Wilson	Olinn	2025-02-03
FAKE-INV-0486	321.35	USD	Eve White	Olinn	2025-02-03
FAKE-INV-0487	32.00	EUR	Hannah Blue	Olinn	2025-02-03
FAKE-INV-0488	542.56	JPY	Charlie Davis	Olinn	2025-02-03
FAKE-INV-0489	433.06	USD	David Wilson	Olinn	2025-02-03
FAKE-INV-0490	840.69	JPY	Hannah Blue	Olinn	2025-02-03
FAKE-INV-0491	514.46	EUR	David Wilson	Olinn	2025-02-03
FAKE-INV-0492	125.01	EUR	Charlie Davis	Olinn	2025-02-03
FAKE-INV-0493	889.12	USD	David Wilson	Olinn	2025-02-03
FAKE-INV-0494	909.72	EUR	David Wilson	Olinn	2025-02-03
FAKE-INV-0495	744.03	USD	Eve White	Olinn	2025-02-03
FAKE-INV-0496	43.32	USD	Eve White	Olinn	2025-02-03
FAKE-INV-0497	460.06	GBP	Hannah Blue	Olinn	2025-02-03
FAKE-INV-0498	635.56	GBP	Grace Lee	Olinn	2025-02-03
FAKE-INV-0499	121.59	GBP	Grace Lee	Olinn	2025-02-03
FAKE-INV-0500	136.51	JPY	Hannah Blue	Olinn	2025-02-03
